source_relation,issue_comment_id,issue_id,user_id,created_at
vllm_data_warehouse.github,4135601684,4015405372,12699319,2026-03-26 14:49:45+00:00
vllm_data_warehouse.github,4137092860,4146180729,37929162,2026-03-26 18:04:00+00:00
vllm_data_warehouse.github,4137174699,4121576938,7945038,2026-03-26 18:13:44+00:00
vllm_data_warehouse.github,4136436060,4143669816,53411596,2026-03-26 16:32:03+00:00
vllm_data_warehouse.github,4136393521,4145327313,63234112,2026-03-26 16:26:04+00:00
vllm_data_warehouse.github,4135915280,4139329357,263738792,2026-03-26 15:21:01+00:00
vllm_data_warehouse.github,4135348373,4137108488,19981378,2026-03-26 14:26:30+00:00
vllm_data_warehouse.github,4137536663,4146661141,41898282,2026-03-26 19:08:38+00:00
vllm_data_warehouse.github,4137287321,4108503239,156319763,2026-03-26 18:29:53+00:00
vllm_data_warehouse.github,4102085056,4036409295,263738792,2026-03-21 03:37:15+00:00
vllm_data_warehouse.github,4137587162,4146694076,41898282,2026-03-26 19:17:19+00:00
vllm_data_warehouse.github,4137208944,4056940442,113399,2026-03-26 18:18:31+00:00
vllm_data_warehouse.github,4136084206,4082377431,174243098,2026-03-26 15:42:55+00:00
vllm_data_warehouse.github,4136858163,4140323794,51183510,2026-03-26 17:32:44+00:00
vllm_data_warehouse.github,4137033289,3981030544,35276741,2026-03-26 17:57:34+00:00
vllm_data_warehouse.github,4136340785,4141558286,4964102,2026-03-26 16:18:29+00:00
vllm_data_warehouse.github,4135702342,4131731848,3195154,2026-03-26 14:58:44+00:00
vllm_data_warehouse.github,4136296271,4140323794,51183510,2026-03-26 16:12:18+00:00
vllm_data_warehouse.github,4135909009,4139186494,263738792,2026-03-26 15:20:09+00:00
vllm_data_warehouse.github,4135947239,3546273461,165005672,2026-03-26 15:25:22+00:00
vllm_data_warehouse.github,4130056376,4134356593,22648877,2026-03-25 21:50:22+00:00
vllm_data_warehouse.github,4136843264,4145665596,41898282,2026-03-26 17:30:22+00:00
vllm_data_warehouse.github,4135939626,4144457668,11367180,2026-03-26 15:24:17+00:00
vllm_data_warehouse.github,4136585243,4145504222,44970335,2026-03-26 16:53:21+00:00
vllm_data_warehouse.github,4136713581,4139643723,186375992,2026-03-26 17:11:32+00:00
vllm_data_warehouse.github,4136565902,3596767928,44624812,2026-03-26 16:50:41+00:00
vllm_data_warehouse.github,4136756832,4124743067,186375992,2026-03-26 17:16:58+00:00
vllm_data_warehouse.github,4137378479,4082377431,174243098,2026-03-26 18:45:11+00:00
vllm_data_warehouse.github,4137208534,4106994429,37929162,2026-03-26 18:18:28+00:00
vllm_data_warehouse.github,4137160467,4131089490,46394894,2026-03-26 18:11:37+00:00
vllm_data_warehouse.github,4135173882,4133099858,111495335,2026-03-26 14:08:30+00:00
vllm_data_warehouse.github,4137849963,4137212618,22727137,2026-03-26 20:00:36+00:00
vllm_data_warehouse.github,4136133312,4144975063,53411596,2026-03-26 15:49:43+00:00
vllm_data_warehouse.github,4136354345,4004297175,186375992,2026-03-26 16:20:26+00:00
vllm_data_warehouse.github,4137464009,4139684030,22727137,2026-03-26 18:58:12+00:00
vllm_data_warehouse.github,4137438472,3546273461,79484377,2026-03-26 18:54:27+00:00
vllm_data_warehouse.github,4136089057,4052067840,19263306,2026-03-26 15:43:37+00:00
vllm_data_warehouse.github,4137448198,4146533023,263738792,2026-03-26 18:56:08+00:00
vllm_data_warehouse.github,4137059458,4145129114,156009573,2026-03-26 18:00:33+00:00
vllm_data_warehouse.github,4135714384,4140515900,200688931,2026-03-26 14:59:45+00:00
vllm_data_warehouse.github,4137664242,4146788197,41898282,2026-03-26 19:29:16+00:00
vllm_data_warehouse.github,4136681400,4143440007,186375992,2026-03-26 17:07:08+00:00
vllm_data_warehouse.github,4137562009,4137212618,2192184,2026-03-26 19:13:02+00:00
vllm_data_warehouse.github,4136251711,4022699689,125999937,2026-03-26 16:06:08+00:00
vllm_data_warehouse.github,4135813558,4093583085,31750416,2026-03-26 15:07:57+00:00
vllm_data_warehouse.github,4136645128,4123954928,200688931,2026-03-26 17:02:04+00:00
vllm_data_warehouse.github,4137396757,4145327313,11367180,2026-03-26 18:48:09+00:00
vllm_data_warehouse.github,4135470057,4144393053,43143795,2026-03-26 14:37:13+00:00
vllm_data_warehouse.github,4135978237,4145014756,37929162,2026-03-26 15:29:14+00:00
vllm_data_warehouse.github,4135649484,4134356593,22648877,2026-03-26 14:54:08+00:00
